{"cameraMode":{"drawMode":0,"name":"Shaded","section":"Shading Mode"},"sceneLighting":true,"audioPlay":false,"sceneViewState":{"m_AlwaysRefresh":false,"showFog":true,"showSkybox":true,"showFlares":true,"showImageEffects":true,"showParticleSystems":true,"showVisualEffectGraphs":true,"m_FxEnabled":true},"in2DMode":false,"pivot":{"x":454.9769287109375,"y":324.6734619140625,"z":-3.6041259765625},"rotation":{"x":0.024265039712190629,"y":-0.058954961597919467,"z":0.0014307581586763263,"w":0.9979745745658875},"size":306.6692199707031,"orthographic":false}