{"cameraMode":{"drawMode":0,"name":"Shaded","section":"Shading Mode"},"sceneLighting":true,"audioPlay":false,"sceneViewState":{"m_AlwaysRefresh":false,"showFog":true,"showSkybox":true,"showFlares":true,"showImageEffects":true,"showParticleSystems":true,"showVisualEffectGraphs":true,"m_FxEnabled":true},"in2DMode":false,"pivot":{"x":298.16864013671877,"y":-219.39346313476563,"z":-210.319091796875},"rotation":{"x":0.14911317825317384,"y":-0.21326516568660737,"z":0.032955676317214969,"w":0.9649943113327026},"size":829.9417724609375,"orthographic":false}